date,cost_cny,planned_purchase_kwh,planned_cost_cny,emergency_energy_kwh,emergency_cost_cny,emergency_slots,emergency_blocks,charge_kwh,discharge_kwh,soc_0_kwh,soc_24_kwh,soc_min_kwh,soc_max_kwh,curtail_kwh,expected_cost_cny
2025-02-01,51968.348623,96597.795848,51968.348623,0.000000,0.000000,0,0,23833.333333,19305.000000,6000.000000,6000.000000,1200.000000,10800.000000,17177.288807,53379.910167
2025-02-02,68211.906842,96250.747593,68144.521092,10.589400,67.385751,2,1,24000.000000,19440.000000,6000.000000,6000.000000,1200.000000,10800.000000,2740.399837,70042.232868
2025-02-03,69251.338586,96224.317736,69215.815765,13.960133,35.522821,2,2,24117.969163,19535.555022,6000.000000,6000.000000,1200.000000,10800.000000,2522.055596,71187.275499
2025-02-04,69526.198482,96468.301738,69354.162454,53.991357,172.036028,3,2,25371.314744,20550.764943,6000.000000,6000.000000,1200.000000,10800.000000,2408.350010,71353.461077
2025-02-05,68995.045274,96212.671721,68964.532701,7.375815,30.512574,3,3,25666.666667,20790.000000,6000.000000,6000.000000,1200.000000,10800.000000,2316.944144,71057.966767
2025-02-06,68409.619698,95708.050560,68388.040145,5.601455,21.579553,2,2,24666.666667,19980.000000,6000.000000,6000.000000,1200.000000,10800.000000,2192.768250,70503.248738
2025-02-07,49937.110502,95693.446463,49937.110502,0.000000,0.000000,0,0,27467.734856,22248.865233,6000.000000,6000.000000,1200.000000,10800.000000,19519.398183,51452.184467
2025-02-08,49884.354262,94856.976544,49884.354262,0.000000,0.000000,0,0,24666.666667,19980.000000,6000.000000,6000.000000,1200.000000,10800.000000,18237.186533,51409.722064
2025-02-09,66974.970042,94240.074730,66795.008498,45.949583,179.961543,1,1,23666.666667,19170.000000,6000.000000,6000.000000,1200.000000,10800.000000,2342.771744,68861.844264
2025-02-10,65144.712653,94400.030899,65108.391402,5.721950,36.321250,2,1,24500.000000,19845.000000,6000.000000,6000.000000,1200.000000,10800.000000,3504.505996,67096.258890
2025-02-11,65677.769416,94469.381385,65677.769416,0.000000,0.000000,0,0,25016.614259,20263.457549,6000.000000,6000.000000,1200.000000,10800.000000,3582.371212,67741.400435
2025-02-12,64993.413737,93874.620292,64976.420082,3.078333,16.993655,2,2,24833.333333,20115.000000,6000.000000,6000.000000,1200.000000,10800.000000,3591.354904,67120.268788
2025-02-13,63968.007113,93491.054945,63863.032873,18.067857,104.974240,5,3,24369.679794,19739.440633,6000.000000,6000.000000,1200.000000,10800.000000,4651.483401,66025.747987
2025-02-14,48056.720183,92764.862331,48056.720183,0.000000,0.000000,0,0,23834.205658,19305.706583,6000.000000,6000.000000,1200.000000,10800.000000,19415.590300,49873.808765
2025-02-15,48456.544854,92472.257039,48456.544854,0.000000,0.000000,0,0,25570.059671,20711.748333,6000.000000,6000.000000,1200.000000,10800.000000,20415.779117,50279.793027
2025-02-16,63814.987879,91750.016315,63509.955003,48.571300,305.032876,6,5,24833.333333,20115.000000,6000.000000,6000.000000,1200.000000,10800.000000,3841.945577,65944.611426
2025-02-17,63418.442843,91721.554909,63073.529065,56.078636,344.913778,9,3,24751.168765,20048.446700,6000.000000,6000.000000,1200.000000,10800.000000,4908.986885,65486.753688
2025-02-18,62479.783001,91673.964791,62379.507544,15.766983,100.275457,3,2,24120.628930,19537.709433,6000.000000,6000.000000,1200.000000,10800.000000,3566.311532,64767.138045
2025-02-19,61911.088096,91199.935284,61468.112591,107.795439,442.975505,10,7,26495.866463,21461.651835,6000.000000,6000.000000,1200.000000,10800.000000,3353.309143,64120.106559
2025-02-20,61965.978255,90065.042011,61517.484463,89.051300,448.493792,8,5,24000.000000,19440.000000,6000.000000,6000.000000,1200.000000,10800.000000,3600.826867,64243.878387
2025-02-21,45254.570887,89686.398701,45254.570887,0.000000,0.000000,0,0,24647.219430,19964.247738,6000.000000,6000.000000,1200.000000,10800.000000,21744.854615,47349.390258
2025-02-22,45559.543864,88990.422214,45553.908619,2.805000,5.635245,1,1,26655.361281,21590.842638,6000.000000,6000.000000,1200.000000,10800.000000,20609.550821,47717.353157
2025-02-23,59462.632672,87592.313174,59074.406313,104.862015,388.226359,13,9,24271.297379,19659.750877,6000.000000,6000.000000,1200.000000,10800.000000,3696.148353,61709.103880
2025-02-24,59392.665511,87542.669917,58822.026169,104.418617,570.639343,12,6,24251.510612,19643.723596,6000.000000,6000.000000,1200.000000,10800.000000,4842.500154,61472.105684
2025-02-25,58271.591457,87414.622232,57865.894439,99.211995,405.697018,10,6,23479.352585,19018.275594,6000.000000,6000.000000,1200.000000,10800.000000,4798.301944,60479.363766
2025-02-26,58212.799511,86619.148376,58056.474627,44.703507,156.324884,7,6,23569.175248,19091.031951,6000.000000,6000.000000,1200.000000,10800.000000,4156.259584,60632.657103
2025-02-27,56448.150630,85935.291020,56103.191963,55.364617,344.958667,7,4,23166.666667,18765.000000,6000.000000,6000.000000,1200.000000,10800.000000,3643.003893,58655.146813
2025-02-28,42196.955639,85123.692376,42196.955639,0.000000,0.000000,0,0,23659.825188,19164.458402,6000.000000,6000.000000,1200.000000,10800.000000,22006.692613,43959.994929
2025-03-01,41706.802530,84721.549966,41706.802530,0.000000,0.000000,0,0,25353.041042,20535.963244,6000.000000,6000.000000,1200.000000,10800.000000,20724.974119,43566.309559
2025-03-02,62667.602266,83839.109038,55237.940569,1595.761531,7429.661697,32,7,25846.250416,20935.462837,6000.000000,6000.000000,1200.000000,10800.000000,2633.651498,57832.128031
2025-03-03,57075.640246,83817.295660,55406.871227,331.414752,1668.769019,22,9,23976.000000,19420.560000,6000.000000,6000.000000,1200.000000,10800.000000,1871.208402,58016.040799
2025-03-04,55797.355296,83924.606443,55357.401480,130.537334,439.953816,15,5,24176.457140,19582.930283,6000.000000,6000.000000,1200.000000,10800.000000,3276.553720,57906.448155
2025-03-05,54437.766417,83493.679846,53966.870342,88.522700,470.896074,11,7,24000.000000,19440.000000,6000.000000,6000.000000,1200.000000,10800.000000,4441.176841,56643.095630
2025-03-06,54054.464394,82592.084177,53409.119739,156.670817,645.344655,12,5,23938.464318,19390.156098,6000.000000,6000.000000,1200.000000,10800.000000,4558.421164,56282.354210
2025-03-07,39136.269556,81835.925343,39136.269556,0.000000,0.000000,0,0,24950.109799,20209.588937,6000.000000,6000.000000,1200.000000,10800.000000,21877.486892,41176.885888
2025-03-08,38475.417259,81260.282786,38475.417259,0.000000,0.000000,0,0,26248.917571,21261.623232,6000.000000,6000.000000,1200.000000,10800.000000,22957.899648,40394.577208
2025-03-09,51327.420089,80088.968629,50632.186291,124.327117,695.233797,7,4,23795.336995,19274.222966,6000.000000,6000.000000,1200.000000,10800.000000,4662.318144,53016.849004
2025-03-10,54908.449485,79906.245638,52473.131594,737.166722,2435.317891,25,12,22881.377041,18533.915403,6000.000000,6000.000000,1200.000000,10800.000000,3184.588694,55004.626301
2025-03-11,51902.199209,80187.219246,51524.285478,101.702317,377.913731,11,8,23765.110986,19249.739899,6000.000000,6000.000000,1200.000000,10800.000000,4839.107608,54022.187180
2025-03-12,50784.265946,79351.910603,50137.511522,187.269589,646.754424,16,8,23932.355892,19385.208272,6000.000000,6000.000000,1200.000000,10800.000000,4994.710817,52400.755342
2025-03-13,55477.526052,78928.099664,50849.940005,1115.498502,4627.586047,36,11,23241.592885,18825.690237,6000.000000,6000.000000,1200.000000,10800.000000,2754.257991,53360.819536
2025-03-14,36343.491273,79354.770448,36343.491273,0.000000,0.000000,0,0,27548.846018,22314.565275,6000.000000,6000.000000,1200.000000,10800.000000,24700.537658,38152.598378
2025-03-15,37412.603035,78331.323565,37393.134217,8.028379,19.468818,1,1,24897.293461,20166.807703,6000.000000,6000.000000,1200.000000,10800.000000,22184.009260,39214.982646
2025-03-16,49667.488749,77628.193092,49206.075038,104.275110,461.413711,9,5,22967.973157,18604.058257,6000.000000,6000.000000,1200.000000,10800.000000,3924.192408,51673.373133
2025-03-17,48521.196181,77578.077444,47851.253806,122.138356,669.942374,11,9,22902.410416,18550.952437,6000.000000,6000.000000,1200.000000,10800.000000,6640.371565,50260.031663
2025-03-18,48824.231355,77677.974956,48623.264309,67.473683,200.967046,7,5,23152.307119,18753.368767,6000.000000,6000.000000,1200.000000,10800.000000,4395.410044,51123.541736
2025-03-19,47670.490228,77213.038079,47584.268233,34.264417,86.221995,4,3,24623.750528,19945.237928,6000.000000,6000.000000,1200.000000,10800.000000,5081.428273,50018.054067
2025-03-20,48836.809915,76719.477578,47913.718462,183.121183,923.091453,11,7,23345.226719,18909.633643,6000.000000,6000.000000,1200.000000,10800.000000,4482.510411,50459.145053
2025-03-21,33999.664209,76318.610481,33999.664209,0.000000,0.000000,0,0,24096.746293,19518.364497,6000.000000,6000.000000,1200.000000,10800.000000,26028.049026,35803.791017
2025-03-22,34564.769506,75902.235258,34553.352749,6.355000,11.416758,1,1,24916.161084,20182.090478,6000.000000,6000.000000,1200.000000,10800.000000,23378.945853,36440.094300
2025-03-23,46656.565921,74944.150311,45995.948867,151.362013,660.617054,15,11,23126.143348,18732.176112,6000.000000,6000.000000,1200.000000,10800.000000,5294.008372,48628.004670
2025-03-24,46349.928223,74864.783645,45963.818553,137.880637,386.109670,9,5,23101.779266,18712.441205,6000.000000,6000.000000,1200.000000,10800.000000,5441.322224,48657.721518
2025-03-25,47243.581863,74902.290503,46233.138292,246.763597,1010.443570,22,13,23085.847251,18699.536273,6000.000000,6000.000000,1200.000000,10800.000000,4285.260222,48964.236621
2025-03-26,45416.393283,74203.595890,45041.810430,121.512338,374.582852,12,7,22166.666667,17955.000000,6000.000000,6000.000000,1200.000000,10800.000000,6095.646129,47642.115795
2025-03-27,45635.073203,74077.800313,44955.261562,209.731811,679.811641,19,8,23087.638481,18700.987170,6000.000000,6000.000000,1200.000000,10800.000000,4508.896890,47687.778093
2025-03-28,32844.680976,73999.500591,32844.680976,0.000000,0.000000,0,0,23989.611978,19431.585702,6000.000000,6000.000000,1200.000000,10800.000000,25986.837634,34689.306774
2025-03-29,32433.430574,73589.138444,32433.430574,0.000000,0.000000,0,0,23847.937023,19316.828988,6000.000000,6000.000000,1200.000000,10800.000000,28458.713783,34229.355581
2025-03-30,43954.799279,72626.269724,43227.380379,250.509952,727.418900,21,10,22041.495513,17853.611365,6000.000000,6000.000000,1200.000000,10800.000000,5705.229668,45903.890950
2025-03-31,44225.658289,72683.950338,44037.616473,66.293898,188.041816,10,7,22565.238977,18277.843572,6000.000000,6000.000000,1200.000000,10800.000000,5466.675125,46838.408972
2025-04-01,46618.259833,72535.173123,45123.450380,485.454264,1494.809453,33,10,21827.896315,17680.596015,6000.000000,6000.000000,1200.000000,10800.000000,4668.623865,48050.578545
2025-04-02,46281.160172,71860.749663,43781.874517,546.858668,2499.285655,29,11,22037.634053,17850.483583,6000.000000,6000.000000,1200.000000,10800.000000,2644.538282,46509.123463
2025-04-03,44007.664860,71307.134946,43101.793328,246.973654,905.871532,18,9,23550.295700,19075.739517,6000.000000,6000.000000,1200.000000,10800.000000,4876.534653,45486.684439
2025-04-04,31156.250441,70579.739244,31156.250441,0.000000,0.000000,0,0,22756.411852,18432.693600,6000.000000,6000.000000,1200.000000,10800.000000,28870.300367,32690.956509
2025-04-05,31518.644017,70379.587025,31518.644017,0.000000,0.000000,0,0,23382.272798,18939.640967,6000.000000,6000.000000,1200.000000,10800.000000,24312.918877,33035.593792
2025-04-06,42642.856361,69436.332293,41928.911107,173.609968,713.945254,13,11,21792.699115,17652.086283,6000.000000,6000.000000,1200.000000,10800.000000,5663.173451,44146.780900
2025-04-07,42015.522803,69564.704623,41665.218234,118.920128,350.304569,11,8,22626.032449,18327.086283,6000.000000,6000.000000,1200.000000,10800.000000,6640.816818,43903.065804
2025-04-08,41775.767014,69525.730943,41289.409866,127.125033,486.357148,16,11,21817.892531,17672.492950,6000.000000,6000.000000,1200.000000,10800.000000,5151.977910,43450.265036
2025-04-09,42621.276307,69259.015224,41719.090815,299.132951,902.185492,21,10,22580.017284,18289.814000,6000.000000,6000.000000,1200.000000,10800.000000,2911.657733,44119.411509
2025-04-10,41985.992691,68806.896628,40778.971102,294.012429,1207.021589,21,11,23322.070370,18890.877000,6000.000000,6000.000000,1200.000000,10800.000000,4116.329250,42935.838760
2025-04-11,29817.216301,68585.397277,29817.216301,0.000000,0.000000,0,0,23487.799774,19025.117817,6000.000000,6000.000000,1200.000000,10800.000000,29496.524735,31205.489636
2025-04-12,29943.371942,68163.691766,29943.371942,0.000000,0.000000,0,0,23286.438646,18862.015303,6000.000000,6000.000000,1200.000000,10800.000000,27276.734520,31422.298103
2025-04-13,40823.338246,67312.783404,40191.182507,158.619057,632.155739,13,7,23462.809853,19004.875981,6000.000000,6000.000000,1200.000000,10800.000000,4222.913031,42096.647450
2025-04-14,40670.207351,67328.529846,39712.982621,257.827999,957.224730,19,12,22843.458797,18503.201625,6000.000000,6000.000000,1200.000000,10800.000000,5198.781892,41533.956795
2025-04-15,39776.736128,67272.877409,39170.013657,126.262539,606.722471,14,8,22475.043025,18204.784850,6000.000000,6000.000000,1200.000000,10800.000000,6362.061567,40963.427582
2025-04-16,41440.897394,66620.873833,40017.064493,463.217200,1423.832901,26,11,22385.684547,18132.404483,6000.000000,6000.000000,1200.000000,10800.000000,3685.909082,41905.636135
2025-04-17,39303.318191,66424.063156,38956.210266,92.128281,347.107925,12,8,21848.620098,17697.382279,6000.000000,6000.000000,1200.000000,10800.000000,4456.173996,40809.077834
2025-04-18,29206.610264,66372.693295,29206.610264,0.000000,0.000000,0,0,22912.523261,18559.143842,6000.000000,6000.000000,1200.000000,10800.000000,28454.078565,30531.201987
2025-04-19,28723.192109,66213.749501,28723.192109,0.000000,0.000000,0,0,22818.426855,18482.925752,6000.000000,6000.000000,1200.000000,10800.000000,27215.968383,30020.314889
2025-04-20,38723.583928,65207.805005,38440.073010,96.170250,283.510918,13,9,21578.137909,17478.291706,6000.000000,6000.000000,1200.000000,10800.000000,4759.047198,40338.504848
2025-04-21,38660.458121,65280.668442,37888.271811,274.022429,772.186309,25,10,22071.986153,17878.308784,6000.000000,6000.000000,1200.000000,10800.000000,6869.919842,39767.297275
2025-04-22,39169.112089,65294.293671,38602.271908,159.699340,566.840181,14,9,21568.680333,17470.631070,6000.000000,6000.000000,1200.000000,10800.000000,4891.669481,40531.355388
2025-04-23,39474.706706,64944.817889,38430.228133,299.874767,1044.478573,22,11,21988.217842,17810.456452,6000.000000,6000.000000,1200.000000,10800.000000,5582.070357,40423.340229
2025-04-24,38315.916489,64676.129595,37751.311268,130.310153,564.605221,15,8,21528.485123,17438.072950,6000.000000,6000.000000,1200.000000,10800.000000,7800.395128,39680.213076
2025-04-25,27211.122431,64864.097339,27211.122431,0.000000,0.000000,0,0,24236.793468,19631.802709,6000.000000,6000.000000,1200.000000,10800.000000,31306.467791,28365.037085
2025-04-26,27177.585626,64521.764662,27177.585626,0.000000,0.000000,0,0,23746.904444,19234.992600,6000.000000,6000.000000,1200.000000,10800.000000,33791.190633,28319.654721
2025-04-27,36893.580788,63544.163364,36410.632471,197.086350,482.948316,13,8,22284.930247,18050.793500,6000.000000,6000.000000,1200.000000,10800.000000,5613.631680,38295.824149
2025-04-28,45620.687199,63097.182396,37694.802655,2188.633496,7925.884544,44,14,20797.486002,16845.963661,6000.000000,6000.000000,1200.000000,10800.000000,2029.110531,39909.505667
2025-04-29,36905.099078,64001.346795,36550.191358,77.493167,354.907720,12,9,22836.954383,18497.933050,6000.000000,6000.000000,1200.000000,10800.000000,8124.889082,38511.810807
2025-04-30,37652.152599,63439.815057,36756.018619,277.447583,896.133980,21,12,21239.087323,17203.660732,6000.000000,6000.000000,1200.000000,10800.000000,6945.244184,38840.278943
2025-05-01,47026.739942,63566.148280,37232.986391,2052.309648,9793.753551,47,7,23622.965062,19134.601700,6000.000000,6000.000000,1200.000000,10800.000000,6064.383017,39326.456004
2025-05-02,29048.115916,62995.037770,29048.115916,0.000000,0.000000,0,0,22238.168073,18012.916139,6000.000000,6000.000000,1200.000000,10800.000000,23392.295455,30551.812832
2025-05-03,28126.436856,62549.471702,28109.907790,7.946667,16.529067,1,1,22976.336132,18610.832267,6000.000000,6000.000000,1200.000000,10800.000000,26710.929921,29577.975377
2025-05-04,47286.543541,61602.770429,37131.488998,2293.821787,10155.054543,53,9,20636.930485,16715.913693,6000.000000,6000.000000,1200.000000,10800.000000,6030.951245,39172.125312
2025-05-05,46165.746223,62227.475132,36908.554566,2051.885206,9257.191657,59,10,21857.933258,17704.925939,6000.000000,6000.000000,1200.000000,10800.000000,2148.613544,39130.284854
2025-05-06,45992.014566,62603.406971,37356.140255,1949.766359,8635.874311,46,9,22185.344095,17970.128717,6000.000000,6000.000000,1200.000000,10800.000000,4156.800627,39422.373288
2025-05-07,46093.233431,62297.167731,37384.548717,1826.830352,8708.684714,55,11,21039.735466,17042.185728,6000.000000,6000.000000,1200.000000,10800.000000,3339.073341,39722.450730
2025-05-08,47916.524982,62353.541835,37440.340343,2374.246512,10476.184639,59,10,20742.708345,16801.593760,6000.000000,6000.000000,1200.000000,10800.000000,2668.574283,39931.600575
2025-05-09,28456.284179,63118.964821,28456.284179,0.000000,0.000000,0,0,22257.529938,18028.599250,6000.000000,6000.000000,1200.000000,10800.000000,26677.698452,30095.018567
2025-05-10,28525.561190,62691.642905,28525.561190,0.000000,0.000000,0,0,21941.069753,17772.266500,6000.000000,6000.000000,1200.000000,10800.000000,23170.413167,30067.632431
2025-05-11,44749.965995,61819.709999,37455.255532,1679.637341,7294.710463,54,17,20122.405419,16299.148389,6000.000000,6000.000000,1200.000000,10800.000000,2329.620961,39612.657092
2025-05-12,43158.664116,61942.676153,37689.173758,1532.061489,5469.490358,38,14,20031.995650,16225.916476,6000.000000,6000.000000,1200.000000,10800.000000,5613.650674,39938.800752
2025-05-13,40133.332167,62854.415757,37477.133764,635.634971,2656.198403,25,10,22615.293573,18318.387794,6000.000000,6000.000000,1200.000000,10800.000000,3119.616955,39566.242869
2025-05-14,39597.038489,62360.813265,37077.879035,685.534176,2519.159454,29,10,20966.662969,16982.997005,6000.000000,6000.000000,1200.000000,10800.000000,3442.381684,39201.189814
2025-05-15,39927.837493,62663.313926,37691.569953,568.460978,2236.267540,33,12,21703.624892,17579.936163,6000.000000,6000.000000,1200.000000,10800.000000,3493.408918,39702.909491
2025-05-16,28164.492653,63261.214885,28164.492653,0.000000,0.000000,0,0,21775.022628,17637.768328,6000.000000,6000.000000,1200.000000,10800.000000,31381.897558,29410.187722
2025-05-17,29074.525572,62735.778292,29074.525572,0.000000,0.000000,0,0,22725.946523,18408.016683,6000.000000,6000.000000,1200.000000,10800.000000,25914.989376,30473.571191
2025-05-18,41279.988320,61651.050623,37214.946485,1386.374241,4065.041835,39,17,19627.223381,15898.050939,6000.000000,6000.000000,1200.000000,10800.000000,2945.768015,39406.490558
2025-05-19,38595.003294,62205.152018,36810.200827,317.323135,1784.802468,16,11,20753.011567,16809.939369,6000.000000,6000.000000,1200.000000,10800.000000,5859.464127,38793.168824
2025-05-20,44202.152246,62064.224598,37035.135141,1721.215973,7167.017105,36,12,20434.637838,16552.056649,6000.000000,6000.000000,1200.000000,10800.000000,3082.488267,39243.532266
2025-05-21,41100.853315,62158.370381,37439.365468,960.350778,3661.487847,34,14,19860.643916,16087.121572,6000.000000,6000.000000,1200.000000,10800.000000,5250.824686,39577.192315
2025-05-22,37979.566083,62397.811434,37354.986757,135.266097,624.579326,11,8,19920.265491,16135.415048,6000.000000,6000.000000,1200.000000,10800.000000,4826.085705,39439.259537
2025-05-23,28140.658170,62845.801722,28140.658170,0.000000,0.000000,0,0,21998.978472,17819.172562,6000.000000,6000.000000,1200.000000,10800.000000,27702.134860,29604.450304
2025-05-24,28446.176678,63009.193867,28446.176678,0.000000,0.000000,0,0,21099.521295,17090.612249,6000.000000,6000.000000,1200.000000,10800.000000,29523.970013,29779.238962
2025-05-25,38503.568136,62598.644982,37323.491552,242.504150,1180.076583,12,8,20955.438099,16973.904860,6000.000000,6000.000000,1200.000000,10800.000000,5935.022627,39303.583029
2025-05-26,42891.623304,62139.862343,37210.211225,1570.252593,5681.412079,30,11,20105.699949,16285.616959,6000.000000,6000.000000,1200.000000,10800.000000,2437.396499,39437.360467
2025-05-27,38359.752769,62914.338089,37149.310733,336.574717,1210.442035,25,12,22081.275881,17885.833464,6000.000000,6000.000000,1200.000000,10800.000000,4662.797431,39247.717592
2025-05-28,40899.848321,62321.783616,37518.250356,976.503175,3381.597965,30,12,20806.191762,16853.015327,6000.000000,6000.000000,1200.000000,10800.000000,3943.829253,39827.980940
2025-05-29,40716.603991,61849.861872,37204.074757,881.873554,3512.529234,36,14,19303.411796,15635.763555,6000.000000,6000.000000,1200.000000,10800.000000,1927.034852,39380.771137
2025-05-30,28589.254444,62994.027567,28589.254444,0.000000,0.000000,0,0,21941.295411,17772.449283,6000.000000,6000.000000,1200.000000,10800.000000,27191.648320,29918.334952
2025-05-31,28049.352474,63610.632289,27805.149994,92.186667,244.202480,1,1,25474.016720,20633.953543,6000.000000,6000.000000,1200.000000,10800.000000,26018.082301,29155.300740
2025-06-01,101420.443771,61377.743388,40538.695416,13978.874603,60881.748356,119,4,17861.723301,14467.995874,6000.000000,6000.000000,1200.000000,10800.000000,371.965866,42937.327631
2025-06-02,88892.728446,63535.207337,41099.852910,10464.044317,47792.875537,112,7,19628.938190,15899.439934,6000.000000,6000.000000,1200.000000,10800.000000,653.850200,44533.530395
2025-06-03,77916.579110,64472.125362,42048.450190,8016.441132,35868.128920,122,11,19876.659813,16100.094449,6000.000000,6000.000000,1200.000000,10800.000000,278.248464,46610.337606
2025-06-04,75932.486800,66154.738547,43526.883748,8030.237893,32405.603052,117,10,20703.806544,16770.083301,6000.000000,6000.000000,1200.000000,10800.000000,406.129514,48300.386465
2025-06-05,78385.663013,67737.049603,44792.820112,7898.888457,33592.842901,121,11,20710.224227,16775.281624,6000.000000,6000.000000,1200.000000,10800.000000,283.117632,49564.827085
2025-06-06,36900.580574,70505.415434,36900.580574,0.000000,0.000000,0,0,23367.170991,18927.408503,6000.000000,6000.000000,1200.000000,10800.000000,16306.182610,40092.387976
2025-06-07,36801.230568,70143.813114,36710.112050,36.748747,91.118517,1,1,21853.983621,17701.726733,6000.000000,6000.000000,1200.000000,10800.000000,14945.714413,39904.946748
2025-06-08,59609.883170,69756.505639,45783.851628,3382.711695,13826.031542,88,17,21024.601319,17029.927068,6000.000000,6000.000000,1200.000000,10800.000000,3080.842155,49930.772338
2025-06-09,70260.561139,70979.331847,47406.888835,5111.504937,22853.672304,97,16,20942.917767,16963.763391,6000.000000,6000.000000,1200.000000,10800.000000,620.116237,51310.896010
2025-06-10,68609.456943,72197.770078,48026.767894,4899.110801,20582.689049,94,20,21202.776166,17174.248694,6000.000000,6000.000000,1200.000000,10800.000000,714.322967,51880.786771
2025-06-11,84763.667649,73812.106110,48900.424844,7471.908709,35863.242805,102,15,22724.757188,18407.053322,6000.000000,6000.000000,1200.000000,10800.000000,30.648000,52621.744583
2025-06-12,66728.203224,74992.644571,50274.048047,3631.446974,16454.155177,65,17,20543.407017,16640.159684,6000.000000,6000.000000,1200.000000,10800.000000,644.993346,54018.696837
2025-06-13,39803.132174,76534.311945,39803.132174,0.000000,0.000000,0,0,23519.759207,19051.004958,6000.000000,6000.000000,1200.000000,10800.000000,17542.326225,42498.806714
2025-06-14,40428.595333,76881.718530,40428.595333,0.000000,0.000000,0,0,25276.171000,20473.698510,6000.000000,6000.000000,1200.000000,10800.000000,21237.394540,43082.039462
2025-06-15,60393.947244,76081.331624,51000.412977,2013.667050,9393.534266,45,14,21167.074707,17145.330513,6000.000000,6000.000000,1200.000000,10800.000000,617.017417,54546.025292
2025-06-16,62039.981839,76719.453528,51896.895689,2312.429962,10143.086150,64,20,21640.613304,17528.896776,6000.000000,6000.000000,1200.000000,10800.000000,350.445056,55334.788143
2025-06-17,70966.322938,77612.925058,52336.370619,3849.987213,18629.952319,61,19,21967.702697,17793.839185,6000.000000,6000.000000,1200.000000,10800.000000,950.911324,55546.778600
2025-06-18,57599.693230,78298.114812,53328.245571,1108.196653,4271.447659,40,17,21246.759176,17209.874932,6000.000000,6000.000000,1200.000000,10800.000000,2091.835409,56499.899112
2025-06-19,56462.882731,78886.355235,52809.595843,692.209459,3653.286888,29,15,21843.168827,17692.966750,6000.000000,6000.000000,1200.000000,10800.000000,2899.489833,55711.036389
2025-06-20,40892.848232,79942.548501,40892.848232,0.000000,0.000000,0,0,26611.691175,21555.469852,6000.000000,6000.000000,1200.000000,10800.000000,23628.358385,43060.793332
2025-06-21,39492.546660,79657.694551,39492.546660,0.000000,0.000000,0,0,25095.578462,20327.418554,6000.000000,6000.000000,1200.000000,10800.000000,23236.457587,41568.302299
2025-06-22,56255.142847,79511.578644,52930.626570,738.506784,3324.516277,27,11,25274.364244,20472.235037,6000.000000,6000.000000,1200.000000,10800.000000,3189.402089,55981.091732
2025-06-23,54783.790554,79206.049623,52818.654226,396.358667,1965.136328,20,11,22333.333333,18090.000000,6000.000000,6000.000000,1200.000000,10800.000000,3076.155841,55757.216783
2025-06-24,72027.809715,79529.756192,54600.439780,3689.288096,17427.369935,64,15,23017.963362,18644.550323,6000.000000,6000.000000,1200.000000,10800.000000,343.588975,57681.591091
2025-06-25,58664.732945,79713.173286,53559.440212,1199.545494,5105.292733,22,10,20887.187819,16918.622134,6000.000000,6000.000000,1200.000000,10800.000000,1343.211838,56689.060280
2025-06-26,54834.344203,80365.206383,52980.528781,343.169567,1853.815422,23,13,22970.164047,18605.832878,6000.000000,6000.000000,1200.000000,10800.000000,2453.625328,55966.800308
2025-06-27,39844.833679,80601.691001,39844.833679,0.000000,0.000000,0,0,23976.323264,19420.821843,6000.000000,6000.000000,1200.000000,10800.000000,22723.294413,41987.115137
2025-06-28,40793.795740,81020.537638,40793.795740,0.000000,0.000000,0,0,25872.991557,20957.123161,6000.000000,6000.000000,1200.000000,10800.000000,21850.536344,42944.765015
2025-06-29,56942.316829,80114.758519,54236.819353,718.992550,2705.497476,26,12,21329.697490,17277.054967,6000.000000,6000.000000,1200.000000,10800.000000,3054.941533,57192.547617
2025-06-30,56497.966959,80473.664115,53720.765566,698.416801,2777.201393,26,14,22091.777464,17894.339745,6000.000000,6000.000000,1200.000000,10800.000000,1728.516552,56556.485694
2025-07-01,85127.527449,80851.734258,58653.569483,6306.356943,26473.957966,94,8,23279.780866,18856.622502,6000.000000,6000.000000,1200.000000,10800.000000,1941.957236,61679.828877
2025-07-02,82617.468839,80936.363118,58442.589080,5734.076982,24174.879759,82,4,22742.042901,18421.054750,6000.000000,6000.000000,1200.000000,10800.000000,5536.087499,62309.437628
2025-07-03,88395.461890,80987.309293,60090.764860,6397.737433,28304.697030,92,7,21104.403210,17094.566600,6000.000000,6000.000000,1200.000000,10800.000000,1689.210433,64716.869306
2025-07-04,45643.129391,82367.094253,45643.129391,0.000000,0.000000,0,0,25373.692387,20552.690833,6000.000000,6000.000000,1200.000000,10800.000000,20689.206500,49717.766059
2025-07-05,45922.811641,82261.431786,45734.219731,71.153333,188.591910,1,1,25826.440453,20919.416767,6000.000000,6000.000000,1200.000000,10800.000000,22881.062300,49758.319445
2025-07-06,89600.831316,81504.404271,59904.478473,6540.305350,29696.352844,96,5,22568.520988,18280.502000,6000.000000,6000.000000,1200.000000,10800.000000,1911.813283,65246.882380
2025-07-07,77707.850665,82718.680748,59922.843422,4335.447250,17785.007243,71,7,22854.368436,18512.038433,6000.000000,6000.000000,1200.000000,10800.000000,5146.749067,65349.028805
2025-07-08,77254.499418,84607.160823,61777.520070,3447.606917,15476.979347,82,12,22799.241049,18467.385250,6000.000000,6000.000000,1200.000000,10800.000000,3638.113933,66330.759796
2025-07-09,69713.512374,85794.592237,62428.577263,1641.746509,7284.935111,60,14,24066.665171,19493.998788,6000.000000,6000.000000,1200.000000,10800.000000,4949.686467,66712.812391
2025-07-10,68988.799049,86054.246574,62620.536446,1417.898897,6368.262603,49,16,22827.753292,18490.480167,6000.000000,6000.000000,1200.000000,10800.000000,4729.733850,66698.322523
2025-07-11,50591.263399,86712.277545,50591.263399,0.000000,0.000000,0,0,24000.000000,19440.000000,6000.000000,6000.000000,1200.000000,10800.000000,20500.338317,53682.200800
2025-07-12,49375.019755,86881.367138,49375.019755,0.000000,0.000000,0,0,26762.762834,21677.837895,6000.000000,6000.000000,1200.000000,10800.000000,21327.086945,52254.546323
2025-07-13,65085.582665,85604.829620,60639.034914,847.692500,4446.547751,38,16,22487.853251,18215.161133,6000.000000,6000.000000,1200.000000,10800.000000,6073.613233,64405.838304
2025-07-14,66676.282035,86631.259669,61924.963957,939.780980,4751.318078,38,14,26288.736667,21293.876700,6000.000000,6000.000000,1200.000000,10800.000000,5266.944933,65785.524931
2025-07-15,66379.193793,86407.458461,62575.528892,854.284187,3803.664901,41,16,23594.427469,19111.486250,6000.000000,6000.000000,1200.000000,10800.000000,5557.429600,66485.023439
2025-07-16,67758.711896,86006.892768,63363.899148,976.291735,4394.812748,30,16,22082.614588,17886.917817,6000.000000,6000.000000,1200.000000,10800.000000,5934.682383,67346.344676
2025-07-17,66387.812111,86349.887895,62462.819591,840.194358,3924.992520,36,18,23570.883815,19092.415890,6000.000000,6000.000000,1200.000000,10800.000000,4101.834500,66390.340395
2025-07-18,49340.957878,86230.790922,49340.957878,0.000000,0.000000,0,0,24402.688630,19766.177791,6000.000000,6000.000000,1200.000000,10800.000000,20088.182107,52250.817277
2025-07-19,48585.649621,86266.546138,48507.979196,26.450000,77.670425,1,1,26477.108708,21446.458053,6000.000000,6000.000000,1200.000000,10800.000000,23363.914600,51292.635462
2025-07-20,63124.091241,85392.431968,61529.895789,355.648467,1594.195452,19,12,23465.773449,19007.276493,6000.000000,6000.000000,1200.000000,10800.000000,4474.798827,65382.016573
2025-07-21,66172.889378,85121.939449,62715.528748,734.002985,3457.360629,33,15,21784.618268,17645.540797,6000.000000,6000.000000,1200.000000,10800.000000,3997.669631,66772.180522
2025-07-22,65031.347652,85793.275083,62117.005342,657.313381,2914.342310,32,15,24125.227284,19541.434100,6000.000000,6000.000000,1200.000000,10800.000000,3065.067117,66257.961507
2025-07-23,65003.437838,85827.115685,62167.306885,624.069867,2836.130953,29,15,23102.104115,18712.704333,6000.000000,6000.000000,1200.000000,10800.000000,3843.773367,66198.289518
2025-07-24,66767.369766,85836.811926,62429.429563,867.390800,4337.940204,28,11,22265.371603,18034.950998,6000.000000,6000.000000,1200.000000,10800.000000,4060.292067,66301.499340
2025-07-25,48164.191870,85590.106760,48164.191870,0.000000,0.000000,0,0,22847.223483,18506.251021,6000.000000,6000.000000,1200.000000,10800.000000,22341.207296,50608.298875
2025-07-26,48941.150766,85910.266509,48941.150766,0.000000,0.000000,0,0,27890.939101,22591.660672,6000.000000,6000.000000,1200.000000,10800.000000,22846.233122,51452.329759
2025-07-27,64161.811502,84381.924721,61372.900683,646.298147,2788.910820,28,11,22142.170342,17935.157977,6000.000000,6000.000000,1200.000000,10800.000000,1906.637433,64745.748735
2025-07-28,69176.804249,84702.201179,61998.993957,1636.575200,7177.810293,43,16,22779.656928,18451.522111,6000.000000,6000.000000,1200.000000,10800.000000,936.626645,65397.080010
2025-07-29,66553.522627,85558.601095,62089.425340,1037.028775,4464.097287,28,13,24377.358053,19745.660023,6000.000000,6000.000000,1200.000000,10800.000000,1811.499927,65242.464206
2025-07-30,65418.866156,84727.083381,62635.554827,585.242183,2783.311329,25,15,21349.682316,17293.242676,6000.000000,6000.000000,1200.000000,10800.000000,3060.571959,65793.640461
2025-07-31,63710.612504,85170.957401,61700.950865,403.230767,2009.661639,18,11,23537.823316,19065.636886,6000.000000,6000.000000,1200.000000,10800.000000,1641.328493,64653.177522
2025-08-01,47630.547068,84836.364742,47630.547068,0.000000,0.000000,0,0,23993.952609,19435.101613,6000.000000,6000.000000,1200.000000,10800.000000,26173.138588,49814.977484
2025-08-02,46783.427043,84899.960369,46690.227475,31.238333,93.199568,1,1,25361.832732,20543.084513,6000.000000,6000.000000,1200.000000,10800.000000,25507.107821,48841.549317
2025-08-03,60131.632141,83888.244885,58912.100251,225.596967,1219.531890,20,8,22187.682030,17972.022444,6000.000000,6000.000000,1200.000000,10800.000000,8745.104453,61544.428476
2025-08-04,59978.132523,84095.489982,59634.405627,94.793433,343.726896,6,4,22846.651226,18505.787493,6000.000000,6000.000000,1200.000000,10800.000000,7014.856879,62319.937240
2025-08-05,59849.018813,83914.272194,59575.658287,77.656167,273.360526,6,5,22107.025535,17906.690683,6000.000000,6000.000000,1200.000000,10800.000000,6591.845639,62278.884184
2025-08-06,62485.181008,83104.871619,60096.975079,522.126900,2388.205929,19,6,21320.539714,17269.637168,6000.000000,6000.000000,1200.000000,10800.000000,5187.426896,62772.184872
2025-08-07,59677.326450,83560.603090,58828.268041,227.221150,849.058409,11,7,24060.904791,19489.332881,6000.000000,6000.000000,1200.000000,10800.000000,7550.348742,61464.422386
2025-08-08,44909.022225,83680.472313,44909.022225,0.000000,0.000000,0,0,26289.441033,21294.447237,6000.000000,6000.000000,1200.000000,10800.000000,29796.477937,46836.489778
2025-08-09,45866.683956,83334.534673,45866.683956,0.000000,0.000000,0,0,25913.601180,20990.016956,6000.000000,6000.000000,1200.000000,10800.000000,27888.686062,47893.461157
2025-08-10,59450.407726,82377.238578,59158.861520,99.408683,291.546206,7,6,21987.204063,17809.635291,6000.000000,6000.000000,1200.000000,10800.000000,6454.934388,61865.405784
2025-08-11,58386.818733,82799.273054,57656.685490,167.131867,730.133243,11,8,24962.015347,20219.232431,6000.000000,6000.000000,1200.000000,10800.000000,6597.603596,60431.428434
2025-08-12,60032.822792,82277.808136,59231.628114,185.315050,801.194678,15,7,21221.794606,17189.653631,6000.000000,6000.000000,1200.000000,10800.000000,5086.462752,62000.616522
2025-08-13,60259.525857,82475.338856,58783.577247,325.866433,1475.948610,14,8,21989.284906,17811.320774,6000.000000,6000.000000,1200.000000,10800.000000,5293.846226,61471.268680
2025-08-14,60337.379921,82354.094352,58472.685098,376.622267,1864.694823,20,9,22080.405469,17885.128430,6000.000000,6000.000000,1200.000000,10800.000000,5416.886010,61171.962938
2025-08-15,45578.590121,82011.236216,45578.590121,0.000000,0.000000,0,0,22682.463938,18372.795789,6000.000000,6000.000000,1200.000000,10800.000000,28099.147635,47608.859348
2025-08-16,45450.222410,82088.725273,45450.222410,0.000000,0.000000,0,0,23040.011035,18662.408939,6000.000000,6000.000000,1200.000000,10800.000000,28516.463485,47275.987961
2025-08-17,58955.822242,81152.296224,57201.702436,305.479167,1754.119806,18,9,21523.016998,17433.643769,6000.000000,6000.000000,1200.000000,10800.000000,7123.956747,59983.363346
2025-08-18,59746.230614,81459.769032,57729.615084,380.253233,2016.615529,16,8,22022.418099,17838.158660,6000.000000,6000.000000,1200.000000,10800.000000,5165.118525,60420.094830
2025-08-19,59734.945894,81302.959424,58037.982929,289.861633,1696.962965,13,8,21350.436733,17293.853754,6000.000000,6000.000000,1200.000000,10800.000000,7027.038476,60829.838133
2025-08-20,63081.577122,81411.240007,58719.165768,974.684696,4362.411354,32,9,22684.932411,18374.795253,6000.000000,6000.000000,1200.000000,10800.000000,2486.996898,61591.185457
2025-08-21,58976.045723,81045.399573,57664.662179,238.432233,1311.383544,11,7,21882.708991,17724.994283,6000.000000,6000.000000,1200.000000,10800.000000,5393.366941,60566.395374
2025-08-22,45500.489765,81017.032430,45500.489765,0.000000,0.000000,0,0,23516.283433,19048.189581,6000.000000,6000.000000,1200.000000,10800.000000,25566.630298,47616.395729
2025-08-23,44396.879421,81011.934513,44396.879421,0.000000,0.000000,0,0,25145.984745,20368.247643,6000.000000,6000.000000,1200.000000,10800.000000,24190.008020,46459.357406
2025-08-24,58828.932705,79723.401601,56666.565774,401.819108,2162.366931,23,8,22018.551318,17835.026568,6000.000000,6000.000000,1200.000000,10800.000000,5898.527573,59415.679534
2025-08-25,61811.722220,79576.981102,57057.481958,1135.507578,4754.240262,42,10,21602.593453,17498.100697,6000.000000,6000.000000,1200.000000,10800.000000,2645.439786,60059.201146
2025-08-26,57766.770501,80166.727402,56411.136110,268.154050,1355.634391,14,9,22125.989902,17922.051820,6000.000000,6000.000000,1200.000000,10800.000000,4672.176492,59205.622303
2025-08-27,58919.856959,80150.852192,56582.147821,466.749822,2337.709138,21,9,23666.305146,19169.707168,6000.000000,6000.000000,1200.000000,10800.000000,3381.254380,59430.704223
2025-08-28,65863.489990,78670.967440,56140.684318,2013.495297,9722.805671,38,14,21423.272463,17352.850695,6000.000000,6000.000000,1200.000000,10800.000000,1876.972418,59104.742920
2025-08-29,44393.300348,78643.160852,44393.300348,0.000000,0.000000,0,0,21970.110790,17795.789740,6000.000000,6000.000000,1200.000000,10800.000000,23241.660807,46333.873240
2025-08-30,44040.312361,77795.688465,44040.312361,0.000000,0.000000,0,0,22553.594187,18268.411291,6000.000000,6000.000000,1200.000000,10800.000000,26863.894783,46086.144853
2025-08-31,58182.402795,76646.485697,54033.968872,937.350804,4148.433923,34,12,22449.658767,18184.223601,6000.000000,6000.000000,1200.000000,10800.000000,3127.186491,56767.854053
2025-09-01,49257.096316,76549.794107,48756.797709,177.767217,500.298607,5,3,20970.056921,16985.746106,6000.000000,6000.000000,1200.000000,10800.000000,6009.909321,51202.842026
2025-09-02,48754.256120,76882.229744,48679.849775,24.140000,74.406345,3,3,21295.243202,17249.146994,6000.000000,6000.000000,1200.000000,10800.000000,3989.891940,51056.249235
2025-09-03,49869.907919,76886.679756,49747.608048,30.568450,122.299871,3,3,22836.621523,18497.663433,6000.000000,6000.000000,1200.000000,10800.000000,5512.720991,52299.159811
2025-09-04,49164.590167,76862.541320,48891.161067,62.249633,273.429100,4,4,23157.400863,18757.494699,6000.000000,6000.000000,1200.000000,10800.000000,6323.098182,51438.896682
2025-09-05,37487.937528,76798.334135,37487.937528,0.000000,0.000000,0,0,21886.981687,17728.455167,6000.000000,6000.000000,1200.000000,10800.000000,29859.611712,39267.733480
2025-09-06,37400.358442,77066.953986,37400.358442,0.000000,0.000000,0,0,24103.022325,19523.448083,6000.000000,6000.000000,1200.000000,10800.000000,29379.478983,39140.472325
2025-09-07,48353.345266,75942.617955,48136.093464,67.085733,217.251801,4,3,21899.331193,17738.458267,6000.000000,6000.000000,1200.000000,10800.000000,4083.673983,50821.586537
2025-09-08,51033.499999,76005.222581,48889.710662,481.413483,2143.789337,12,5,22596.036868,18302.789863,6000.000000,6000.000000,1200.000000,10800.000000,2477.417446,51775.968623
2025-09-09,48674.236442,76107.452434,48544.395038,31.400250,129.841404,3,2,21764.575062,17629.305800,6000.000000,6000.000000,1200.000000,10800.000000,6385.132033,51297.799560
2025-09-10,55602.559242,75848.904577,49144.553446,1439.116550,6458.005795,37,4,22566.807709,18279.114244,6000.000000,6000.000000,1200.000000,10800.000000,785.585767,52163.899660
2025-09-11,48790.099133,76105.755103,48345.345674,84.882117,444.753459,6,3,21704.951440,17581.010667,6000.000000,6000.000000,1200.000000,10800.000000,5748.287683,51171.830031
2025-09-12,37357.038544,76298.691800,37357.038544,0.000000,0.000000,0,0,23053.322840,18673.191500,6000.000000,6000.000000,1200.000000,10800.000000,26683.650833,39376.785771
2025-09-13,37010.516677,75938.016595,37010.516677,0.000000,0.000000,0,0,22316.973230,18076.748317,6000.000000,6000.000000,1200.000000,10800.000000,29731.494250,38802.013279
2025-09-14,50755.921256,75025.333399,48627.060779,551.370027,2128.860477,20,5,21360.509748,17302.012896,6000.000000,6000.000000,1200.000000,10800.000000,1855.418959,51246.324164
2025-09-15,51196.655900,75492.217179,48442.125924,653.912017,2754.529976,15,2,21682.506811,17562.830517,6000.000000,6000.000000,1200.000000,10800.000000,4907.634530,50932.045596
2025-09-16,50783.651553,75679.524884,49158.310426,470.340501,1625.341127,19,4,24199.058272,19601.237200,6000.000000,6000.000000,1200.000000,10800.000000,3649.363446,51933.374302
2025-09-17,51981.512288,75342.586578,48660.937447,704.390850,3320.574840,28,5,22606.985905,18311.658583,6000.000000,6000.000000,1200.000000,10800.000000,1796.656171,51391.548264
2025-09-18,48970.607166,75380.916257,47825.846622,245.602817,1144.760544,11,4,22494.422387,18220.482133,6000.000000,6000.000000,1200.000000,10800.000000,1950.881592,50473.583034
2025-09-19,37633.164889,75201.169692,37633.164889,0.000000,0.000000,0,0,22707.472834,18393.052996,6000.000000,6000.000000,1200.000000,10800.000000,23673.070056,39630.939264
2025-09-20,36579.316078,74896.274604,36579.316078,0.000000,0.000000,0,0,24261.758179,19652.024125,6000.000000,6000.000000,1200.000000,10800.000000,22864.112755,38497.950173
2025-09-21,49814.250280,73070.796745,47503.312158,650.439708,2310.938122,20,5,21633.277942,17522.955133,6000.000000,6000.000000,1200.000000,10800.000000,3517.504618,50507.805009
2025-09-22,50680.138826,73364.313770,48095.737801,587.463367,2584.401025,23,6,21683.056523,17563.275783,6000.000000,6000.000000,1200.000000,10800.000000,2798.622049,51051.607537
2025-09-23,53384.180676,73403.599190,47483.258098,1354.392667,5900.922577,34,6,21655.992469,17541.353900,6000.000000,6000.000000,1200.000000,10800.000000,1310.887430,50506.775183
2025-09-24,52328.585152,72761.962856,47124.849915,1191.688738,5203.735238,29,7,21682.799671,17563.067733,6000.000000,6000.000000,1200.000000,10800.000000,2510.924367,50311.279144
2025-09-25,48476.078861,69968.033001,44629.742341,894.096533,3846.336519,28,10,21614.744630,17507.943150,6000.000000,6000.000000,1200.000000,10800.000000,2640.193238,49233.500127
2025-09-26,33727.182059,69980.627654,33727.182059,0.000000,0.000000,0,0,23241.265967,18825.425433,6000.000000,6000.000000,1200.000000,10800.000000,21998.257367,36935.196269
2025-09-27,34556.606749,69238.173061,34556.606749,0.000000,0.000000,0,0,22321.335226,18080.281533,6000.000000,6000.000000,1200.000000,10800.000000,22273.575976,37278.993752
2025-09-28,53871.750363,67984.385901,43949.203045,2201.738397,9922.547318,61,12,21541.819300,17448.873633,6000.000000,6000.000000,1200.000000,10800.000000,395.893797,46678.688589
2025-09-29,50344.227974,68588.878995,44116.050098,1414.812215,6228.177876,52,14,21618.969588,17511.365367,6000.000000,6000.000000,1200.000000,10800.000000,862.925521,46844.531515
2025-09-30,59249.103319,69177.716982,44045.045095,3233.598212,15204.058224,70,11,23138.249630,18741.982200,6000.000000,6000.000000,1200.000000,10800.000000,521.655020,46803.885814
2025-10-01,42379.431831,69130.453949,42211.012917,48.942500,168.418914,4,4,22126.799033,17922.707217,6000.000000,6000.000000,1200.000000,10800.000000,7695.607525,44146.212405
2025-10-02,42753.029650,69004.629814,42296.762943,139.681167,456.266707,12,7,21645.084527,17532.518467,6000.000000,6000.000000,1200.000000,10800.000000,6208.463442,44218.455235
2025-10-03,31637.699908,69878.206148,31637.699908,0.000000,0.000000,0,0,24617.115988,19939.863950,6000.000000,6000.000000,1200.000000,10800.000000,28067.541417,32976.110257
2025-10-04,32953.778436,69387.612580,32953.778436,0.000000,0.000000,0,0,23280.826672,18857.469605,6000.000000,6000.000000,1200.000000,10800.000000,23970.330847,34393.963427
2025-10-05,43350.101716,68805.962908,42596.266720,203.953586,753.834996,15,6,21618.969588,17511.365367,6000.000000,6000.000000,1200.000000,10800.000000,5017.117641,44564.981755
2025-10-06,44376.535602,68791.222949,43303.685055,249.686900,1072.850547,18,7,21626.799033,17517.707217,6000.000000,6000.000000,1200.000000,10800.000000,3416.391213,45358.413548
2025-10-07,44502.400282,68960.339616,42825.101248,356.860253,1677.299034,25,6,22402.469300,18146.000133,6000.000000,6000.000000,1200.000000,10800.000000,3176.045388,44904.758715
2025-10-08,45998.091298,68835.863344,43041.444862,722.987240,2956.646436,25,6,21712.808305,17587.374727,6000.000000,6000.000000,1200.000000,10800.000000,4505.277748,45145.596755
2025-10-09,45323.351098,68645.762690,42641.811940,600.925117,2681.539157,21,7,21585.448601,17484.213367,6000.000000,6000.000000,1200.000000,10800.000000,4408.829617,44762.833304
2025-10-10,32145.941660,69461.979975,32145.941660,0.000000,0.000000,0,0,22926.079568,18570.124450,6000.000000,6000.000000,1200.000000,10800.000000,27710.486185,33530.567909
2025-10-11,32796.198170,68959.652345,32796.198170,0.000000,0.000000,0,0,23363.784095,18924.665117,6000.000000,6000.000000,1200.000000,10800.000000,23644.141213,34281.623737
2025-10-12,45223.282059,68329.136039,42309.690761,675.136161,2913.591298,28,10,21547.762387,17453.687533,6000.000000,6000.000000,1200.000000,10800.000000,2696.833523,44399.898405
2025-10-13,44320.835707,68603.763150,42728.082594,364.865033,1592.753113,22,7,21547.762387,17453.687533,6000.000000,6000.000000,1200.000000,10800.000000,3095.900012,44716.023862
2025-10-14,50019.233971,68741.784464,42853.885629,1515.051279,7165.348342,43,9,22314.390864,18074.656600,6000.000000,6000.000000,1200.000000,10800.000000,1982.456783,44956.007753
2025-10-15,49873.373329,69109.623835,43144.832534,1604.469374,6728.540795,55,14,23717.470925,19211.151449,6000.000000,6000.000000,1200.000000,10800.000000,1423.825246,45287.359634
2025-10-16,56346.584359,69024.576518,43485.938082,2754.009980,12860.646277,54,7,21444.080370,17369.705100,6000.000000,6000.000000,1200.000000,10800.000000,1487.915098,45644.124573
2025-10-17,33484.278119,69963.831512,33484.278119,0.000000,0.000000,0,0,24336.135814,19712.270009,6000.000000,6000.000000,1200.000000,10800.000000,22782.493426,35108.061247
2025-10-18,32872.391222,69596.820443,32872.391222,0.000000,0.000000,0,0,24769.691451,20063.450075,6000.000000,6000.000000,1200.000000,10800.000000,23573.870392,34609.660381
2025-10-19,57414.554755,68571.623359,43537.825639,3000.540583,13876.729116,55,11,21646.288333,17533.493550,6000.000000,6000.000000,1200.000000,10800.000000,997.159742,46083.960396
2025-10-20,56678.985868,69134.739149,43755.277199,2651.384195,12923.708669,61,9,21762.568841,17627.680762,6000.000000,6000.000000,1200.000000,10800.000000,884.630528,46362.620016
2025-10-21,60302.620458,69785.306599,44525.935874,3744.971084,15776.684584,74,9,21785.419672,17646.189935,6000.000000,6000.000000,1200.000000,10800.000000,776.331400,47209.358870
2025-10-22,58891.665276,70269.535536,44815.435232,3014.573266,14076.230044,55,6,21838.029774,17688.804117,6000.000000,6000.000000,1200.000000,10800.000000,1384.945950,47552.878121
2025-10-23,50324.797146,70494.602329,44198.491362,1349.208243,6126.305784,39,15,21899.966111,17738.972550,6000.000000,6000.000000,1200.000000,10800.000000,1735.310149,47048.598868
2025-10-24,34017.125093,70557.957906,34017.125093,0.000000,0.000000,0,0,22439.294369,18175.828439,6000.000000,6000.000000,1200.000000,10800.000000,21365.068122,36230.311298
2025-10-25,33356.589717,69936.652736,33356.589717,0.000000,0.000000,0,0,22673.171049,18365.268550,6000.000000,6000.000000,1200.000000,10800.000000,20232.218133,35821.931086
2025-10-26,49183.857632,69828.589452,44029.765757,1256.769961,5154.091875,50,16,23011.076931,18638.972314,6000.000000,6000.000000,1200.000000,10800.000000,843.040631,47020.005035
2025-10-27,52570.010497,70384.450760,43793.116036,1908.262323,8776.894461,48,14,24100.290643,19521.235421,6000.000000,6000.000000,1200.000000,10800.000000,1329.425469,46703.500491
2025-10-28,54974.564452,70597.329692,44777.998870,2190.629187,10196.565583,58,13,23624.030457,19135.464671,6000.000000,6000.000000,1200.000000,10800.000000,729.688515,47801.703407
2025-10-29,64057.435720,70536.687429,45273.702597,4336.873484,18783.733123,84,11,22039.656473,17852.121743,6000.000000,6000.000000,1200.000000,10800.000000,197.024650,48229.300866
2025-10-30,51422.785300,71232.740935,45632.700646,1246.258059,5790.084655,50,20,22838.454177,18499.147883,6000.000000,6000.000000,1200.000000,10800.000000,1454.131414,48380.859241
2025-10-31,34785.848023,71474.016220,34785.848023,0.000000,0.000000,0,0,23681.426646,19181.955583,6000.000000,6000.000000,1200.000000,10800.000000,18608.388117,36641.560073
2025-11-01,34201.846261,71478.593829,34201.846261,0.000000,0.000000,0,0,23580.591770,19100.279333,6000.000000,6000.000000,1200.000000,10800.000000,18869.487267,35936.171959
2025-11-02,58802.703672,71219.158177,45934.451852,2877.491987,12868.251820,86,17,22093.186250,17895.480862,6000.000000,6000.000000,1200.000000,10800.000000,118.833913,48301.378615
2025-11-03,58760.688463,72176.231500,46553.660865,3233.307046,12207.027598,64,18,22940.413683,18581.735083,6000.000000,6000.000000,1200.000000,10800.000000,597.974580,48801.742145
2025-11-04,53149.987050,72870.547298,46973.542663,1473.170460,6176.444388,62,16,22906.024151,18553.879562,6000.000000,6000.000000,1200.000000,10800.000000,767.045104,49148.574063
2025-11-05,58063.334471,73066.830733,47774.367759,2444.467555,10288.966712,70,12,22154.947137,17945.507181,6000.000000,6000.000000,1200.000000,10800.000000,622.696798,49886.885159
2025-11-06,65767.572831,73941.217842,48450.105007,3737.132586,17317.467824,76,14,23696.153883,19193.884645,6000.000000,6000.000000,1200.000000,10800.000000,402.054512,50527.864627
2025-11-07,36113.004338,74283.015455,36113.004338,0.000000,0.000000,0,0,22738.623930,18418.285383,6000.000000,6000.000000,1200.000000,10800.000000,18582.902837,37803.743092
2025-11-08,36457.269512,74555.716124,36457.269512,0.000000,0.000000,0,0,23700.756436,19197.612713,6000.000000,6000.000000,1200.000000,10800.000000,19033.077683,38085.423508
2025-11-09,61113.420152,74533.815771,48352.886952,2868.210190,12760.533201,74,13,24299.533484,19682.622122,6000.000000,6000.000000,1200.000000,10800.000000,333.582166,50647.993253
2025-11-10,69792.762518,75119.981093,49421.625048,4589.187277,20371.137470,78,12,24365.034587,19735.678015,6000.000000,6000.000000,1200.000000,10800.000000,200.383282,51755.776341
2025-11-11,58805.150556,75555.457973,49388.144386,1952.403620,9417.006169,70,18,23149.237160,18750.882100,6000.000000,6000.000000,1200.000000,10800.000000,181.509626,51944.317878
2025-11-12,58056.934047,76141.795203,49947.959489,1526.771849,8108.974558,53,17,23168.972510,18766.867733,6000.000000,6000.000000,1200.000000,10800.000000,243.784667,52299.938619
2025-11-13,61057.706172,76362.021928,51116.895534,2344.552722,9940.810638,61,18,22132.924703,17927.669009,6000.000000,6000.000000,1200.000000,10800.000000,784.619157,53373.796205
2025-11-14,38533.633153,76785.608845,38533.633153,0.000000,0.000000,0,0,22559.761111,18273.406500,6000.000000,6000.000000,1200.000000,10800.000000,18046.421050,40282.089200
2025-11-15,38588.182529,76936.926705,38588.182529,0.000000,0.000000,0,0,23317.302840,18887.015300,6000.000000,6000.000000,1200.000000,10800.000000,16636.116277,40294.300377
2025-11-16,66738.002043,76866.272033,51130.840522,3364.737606,15607.161521,74,20,22559.761111,18273.406500,6000.000000,6000.000000,1200.000000,10800.000000,205.706200,53352.238260
2025-11-17,59399.959125,77655.701073,51486.211573,1677.585917,7913.747551,61,17,23628.432798,19139.030567,6000.000000,6000.000000,1200.000000,10800.000000,305.993383,53745.758457
2025-11-18,65495.927293,77704.986228,52263.449737,3140.603200,13232.477556,63,13,21943.370322,17774.129961,6000.000000,6000.000000,1200.000000,10800.000000,471.710383,54542.988482
2025-11-19,65147.162530,78210.880945,53364.746719,2467.097888,11782.415811,77,17,21811.900041,17667.639033,6000.000000,6000.000000,1200.000000,10800.000000,173.293650,55710.651791
2025-11-20,62555.061626,79151.243823,52925.481950,2151.638083,9629.579677,57,18,23804.055326,19281.284814,6000.000000,6000.000000,1200.000000,10800.000000,502.064700,55178.219942
2025-11-21,40360.700842,79502.200652,40360.700842,0.000000,0.000000,0,0,23567.316564,19089.526417,6000.000000,6000.000000,1200.000000,10800.000000,18619.592733,42055.353759
2025-11-22,40591.059919,79522.729811,40591.059919,0.000000,0.000000,0,0,24155.831111,19566.223200,6000.000000,6000.000000,1200.000000,10800.000000,17002.837850,42312.608665
2025-11-23,66455.284256,79119.706271,53513.407491,2665.048473,12941.876765,60,15,21940.433566,17771.751189,6000.000000,6000.000000,1200.000000,10800.000000,733.909350,55795.246932
2025-11-24,58974.891376,79886.481962,53705.145055,1169.528564,5269.746321,59,20,23833.333333,19305.000000,6000.000000,6000.000000,1200.000000,10800.000000,544.386767,56093.633509
2025-11-25,63130.160776,80118.759290,53869.006766,2051.277814,9261.154010,67,13,22852.797119,18510.765667,6000.000000,6000.000000,1200.000000,10800.000000,383.176128,56163.189652
2025-11-26,66419.445546,80442.674080,54793.393081,2582.147833,11626.052465,68,13,22829.464630,18491.866351,6000.000000,6000.000000,1200.000000,10800.000000,236.803650,57186.817055
2025-11-27,62828.715117,80816.803868,55202.732111,1592.949774,7625.983006,57,19,21865.642893,17711.170743,6000.000000,6000.000000,1200.000000,10800.000000,578.533533,57481.942044
2025-11-28,41332.558444,81434.298612,41332.558444,0.000000,0.000000,0,0,23145.623463,18747.955005,6000.000000,6000.000000,1200.000000,10800.000000,16544.873438,43003.648935
2025-11-29,42393.524204,82134.009757,42393.524204,0.000000,0.000000,0,0,26721.580432,21644.480150,6000.000000,6000.000000,1200.000000,10800.000000,15974.778851,44098.848693
2025-11-30,76272.150816,81516.543554,55821.294575,4464.741162,20450.856241,79,16,23582.447016,19101.782083,6000.000000,6000.000000,1200.000000,10800.000000,182.583500,58084.721613
2025-12-01,102878.473695,82152.543897,59241.247563,8986.789538,43637.226133,110,12,22723.637206,18406.146137,6000.000000,6000.000000,1200.000000,10800.000000,124.043333,61749.946926
2025-12-02,112606.526310,82969.408721,60508.944918,10473.177133,52097.581392,124,8,23187.666687,18782.010017,6000.000000,6000.000000,1200.000000,10800.000000,168.551717,64368.645287
2025-12-03,100640.822194,84012.002866,61140.411906,8418.237850,39500.410288,111,9,23810.777716,19286.729950,6000.000000,6000.000000,1200.000000,10800.000000,244.688150,66349.932360
2025-12-04,94352.906210,85331.703643,61933.224112,6805.795417,32419.682098,112,11,23858.867593,19325.682750,6000.000000,6000.000000,1200.000000,10800.000000,132.177867,67483.449969
2025-12-05,48063.870986,86992.742655,48063.870986,0.000000,0.000000,0,0,25001.971255,20251.596717,6000.000000,6000.000000,1200.000000,10800.000000,14501.753083,52441.032425
2025-12-06,49091.519726,87243.626734,49091.519726,0.000000,0.000000,0,0,26514.700617,21476.907500,6000.000000,6000.000000,1200.000000,10800.000000,14183.538867,53503.295927
2025-12-07,92372.306239,86611.818477,63106.766054,6143.112033,29265.540185,118,12,24574.405494,19905.268450,6000.000000,6000.000000,1200.000000,10800.000000,144.602350,68926.470221
2025-12-08,84641.854635,89253.896543,65769.258756,4040.171983,18872.595880,95,15,23999.906893,19439.924583,6000.000000,6000.000000,1200.000000,10800.000000,192.133250,70405.462027
2025-12-09,80161.534806,90663.585968,66179.296089,2585.685667,13982.238717,81,23,24343.564918,19718.287583,6000.000000,6000.000000,1200.000000,10800.000000,398.971033,70702.410055
2025-12-10,82340.263110,91185.391608,67937.940336,3099.952233,14402.322775,78,18,23340.758992,18906.014783,6000.000000,6000.000000,1200.000000,10800.000000,577.937833,72452.098231
2025-12-11,72141.424254,91984.306617,66842.321467,1217.825233,5299.102788,57,24,24000.000000,19440.000000,6000.000000,6000.000000,1200.000000,10800.000000,641.579383,71216.381053
2025-12-12,52680.033248,92828.818946,52680.033248,0.000000,0.000000,0,0,26254.342346,21266.017300,6000.000000,6000.000000,1200.000000,10800.000000,15010.823750,55966.197113
2025-12-13,53053.665160,92774.878935,53053.665160,0.000000,0.000000,0,0,26013.044568,21070.566100,6000.000000,6000.000000,1200.000000,10800.000000,14422.335000,56144.743894
2025-12-14,80694.592398,92646.313383,68971.355935,2296.190317,11723.236463,72,19,25786.031399,20886.685433,6000.000000,6000.000000,1200.000000,10800.000000,158.529700,72925.884153
2025-12-15,81518.795895,93066.525766,69484.667571,2494.354233,12034.128324,63,20,24185.270082,19590.068767,6000.000000,6000.000000,1200.000000,10800.000000,257.968417,73413.964037
2025-12-16,79408.215850,93871.724384,69682.082617,1984.018983,9726.133233,67,18,25436.507634,20603.571183,6000.000000,6000.000000,1200.000000,10800.000000,445.869450,73830.922424
2025-12-17,73783.790048,94108.287339,70130.669937,874.971017,3653.120112,49,22,24228.898539,19625.407817,6000.000000,6000.000000,1200.000000,10800.000000,746.067450,74195.431220
2025-12-18,74810.375763,94432.431422,69666.313590,1011.957917,5144.062173,39,18,24257.719588,19648.752867,6000.000000,6000.000000,1200.000000,10800.000000,352.689550,73542.934111
2025-12-19,54276.246790,95096.665341,54276.246790,0.000000,0.000000,0,0,26597.889424,21544.290433,6000.000000,6000.000000,1200.000000,10800.000000,15561.425267,57286.586385
2025-12-20,53474.520929,95053.141996,53474.520929,0.000000,0.000000,0,0,26409.773663,21391.916667,6000.000000,6000.000000,1200.000000,10800.000000,14921.457083,56246.325868
2025-12-21,76788.133239,94737.503651,70384.633991,1386.129350,6403.499248,46,23,25098.856934,20330.074117,6000.000000,6000.000000,1200.000000,10800.000000,473.964767,73846.898009
2025-12-22,75754.225170,94829.095353,71356.615006,894.135967,4397.610164,52,20,24274.016420,19661.953300,6000.000000,6000.000000,1200.000000,10800.000000,333.058200,75102.481599
2025-12-23,72155.719950,95524.466657,70939.401600,265.731083,1216.318350,25,16,26882.872407,21775.126650,6000.000000,6000.000000,1200.000000,10800.000000,627.064700,74780.139351
2025-12-24,74060.644374,95038.702379,70436.402558,702.571550,3624.241816,35,12,24324.496996,19702.842567,6000.000000,6000.000000,1200.000000,10800.000000,620.374800,74220.894962
2025-12-25,74008.818342,95643.397513,70904.092126,744.349333,3104.726216,34,14,26844.928663,21744.392217,6000.000000,6000.000000,1200.000000,10800.000000,900.373833,74544.446930
2025-12-26,54306.923925,95696.624114,54306.923925,0.000000,0.000000,0,0,25899.724897,20978.777167,6000.000000,6000.000000,1200.000000,10800.000000,15074.450683,57020.645145
2025-12-27,53887.638954,96341.531482,53887.638954,0.000000,0.000000,0,0,29314.652798,23744.868767,6000.000000,6000.000000,1200.000000,10800.000000,15119.675350,56414.888986
2025-12-28,72353.247055,95272.508717,70527.592447,387.823733,1825.654608,25,13,24000.000000,19440.000000,6000.000000,6000.000000,1200.000000,10800.000000,1187.563017,73643.718114
2025-12-29,73216.201076,95549.022000,70839.188929,546.974433,2377.012148,30,18,24671.070700,19983.567267,6000.000000,6000.000000,1200.000000,10800.000000,1116.488450,73783.245861
2025-12-30,71511.579144,95834.580465,70295.134259,206.866317,1216.444885,16,11,25237.125782,20442.071883,6000.000000,6000.000000,1200.000000,10800.000000,1190.734583,73256.133009
2025-12-31,74782.830919,95711.788544,71189.191916,717.586867,3593.639002,37,19,24376.020844,19744.576883,6000.000000,6000.000000,1200.000000,10800.000000,424.053500,74136.005930
